<?xml version="1.0" encoding="UTF-8"?>
<configuration>
    <include resource="org/springframework/boot/logging/logback/defaults.xml"/>
    <include resource="org/springframework/boot/logging/logback/file-appender.xml"/>
    <include resource="org/springframework/boot/logging/logback/console-appender.xml"/>

    <springProfile name="staging">
            <appender name="SENTRY" class="io.sentry.logback.SentryAppender">
                <filter class="ch.qos.logback.classic.filter.ThresholdFilter">
                    <level>ERROR</level>
                </filter>
            </appender>


        <root level="INFO">
            <appender-ref ref="CONSOLE"/>
<!--            <appender-ref ref="FILE"/>-->
            <appender-ref ref="SENTRY"/>
        </root>
    </springProfile>

    <springProfile name="production">
        <appender name="SENTRY" class="io.sentry.logback.SentryAppender">
            <filter class="ch.qos.logback.classic.filter.ThresholdFilter">
                <level>ERROR</level>
            </filter>
        </appender>


        <root level="WARN">
            <appender-ref ref="CONSOLE"/>
<!--            <appender-ref ref="FILE"/>-->
            <appender-ref ref="SENTRY"/>
        </root>
        <root level="INFO">
            <appender-ref ref="CONSOLE"/>
        </root>
    </springProfile>

</configuration>